{
  "thread-the-needle": {
    "duration": {
      "mean": 7318.44645504392,
      "std": 4336.492653621432
    },
    "path_length": {
      "mean": 404.8762125655333,
      "std": 141.8918854538821
    },
    "speed_mean": {
      "mean": 0.9048142213328217,
      "std": 0.3424280043861907
    },
    "path_efficiency": {
      "mean": 0.29798200949770187,
      "std": 0.12229686753846458
    },
    "pause_rate": {
      "mean": 0.5956419667272944,
      "std": 0.12970767905316918
    },
    "speed_std": {
      "mean": 4.5020378684441225,
      "std": 2.0307643599905894
    }
  },
  "sheep-herding": {
    "duration": {
      "mean": 13161.897626998629,
      "std": 6115.55685173376
    },
    "path_length": {
      "mean": 1524.963742545492,
      "std": 405.758323889931
    },
    "speed_mean": {
      "mean": 1.8964193118951311,
      "std": 0.665985769229592
    },
    "path_efficiency": {
      "mean": 0.09725704820725271,
      "std": 0.030757395406093815
    },
    "pause_rate": {
      "mean": 0.2393119967115107,
      "std": 0.1487929727375888
    },
    "speed_std": {
      "mean": 3.8278436897701567,
      "std": 1.4980626708366163
    }
  },
  "polygon-stacking": {
    "duration": {
      "mean": 11170.275259694472,
      "std": 5996.261263162302
    },
    "path_length": {
      "mean": 894.1454104723742,
      "std": 353.1591016568384
    },
    "speed_mean": {
      "mean": 1.2872374984895814,
      "std": 0.45851474804626086
    },
    "path_efficiency": {
      "mean": 0.17133810216646148,
      "std": 0.0761041099820019
    },
    "pause_rate": {
      "mean": 0.6168077262096131,
      "std": 0.08360501050916386
    },
    "speed_std": {
      "mean": 4.377123339193256,
      "std": 1.770266061024546
    }
  }
}